date,real,nominal
1/1/15,1437.36,56.54
2/1/15,1412.69,55.02
3/1/15,1577.63,60.83
4/1/15,1843.02,71.78
5/1/15,1652.68,65.01
6/1/15,1781.07,70.06
7/1/15,1920.12,75.53
8/1/15,2064.27,81.2
9/1/15,2302.72,90.58
10/1/15,2399.9,95.34
11/1/15,2410.79,96.71
12/1/15,2471.61,99.15
1/1/16,2236.24,90.58
2/1/16,2247.35,91.03
3/1/16,2280.24,93.25
4/1/16,2171.59,89.65
5/1/16,2202.83,91.8
6/1/16,2129.67,89.58
7/1/16,2121.83,89.25
8/1/16,2173.04,92.25
9/1/16,2399.38,103.73
10/1/16,2376.95,104.61
11/1/16,2365.99,105.97
12/1/16,2102.73,95
1/1/17,2094.21,95.43
2/1/17,1959.11,91.56
3/1/17,2069.52,96.72
4/1/17,1899.84,93.23
5/1/17,1953.35,97.38
6/1/17,1883.85,95.38
7/1/17,1840.41,91.75
8/1/17,1647.23,83.4
9/1/17,1611.2,83.46
10/1/17,1416.92,74.5
11/1/17,1381.73,72.65
12/1/17,1394.03,74.38
1/1/18,1463.53,79.8
2/1/18,1463.9,80.39
3/1/18,1401.36,76.41
4/1/18,1401.54,77.51
5/1/18,1382.64,78.08
6/1/18,1442.42,82.58
7/1/18,1381.23,81.23
8/1/18,1374.86,82.46
9/1/18,1384.86,84.68
10/1/18,1372.18,85.51
11/1/18,1274.81,80.93
12/1/18,1279.11,82.2
1/1/19,1254.37,80.61
2/1/19,1344.15,84.81
3/1/19,1391.04,88.85
4/1/19,1428.03,92.88
5/1/19,1602.86,105.5
6/1/19,1625.35,106.98
7/1/19,1581.25,107.16
8/1/19,1519.5,104.75
9/1/19,1607.23,111.42
10/1/19,1687,118.92
11/1/19,1439.53,103.72
12/1/19,1456.72,107.23
1/1/20,1386.41,104.21
2/1/20,1200.57,91.18
3/1/20,1339.92,102.81
4/1/20,1183.09,93.54
5/1/20,1144.32,91.81
6/1/20,1114.99,90.76
7/1/20,1072.08,86.85
8/1/20,1089.75,86.16
9/1/20,1064.91,82.95
10/1/20,1097.7,85.08
11/1/20,986.09,76.04
12/1/20,952.26,71.95
1/1/21,1028.82,76.13
2/1/21,1046.27,74.98
3/1/21,1062.99,75.76
4/1/21,1114.59,78.57
5/1/21,1065.32,73.44
6/1/21,998.62,68.45
7/1/21,991.78,68.37
8/1/21,973.5,67.11
9/1/21,1042.89,71.08
10/1/21,1074.14,73.21
11/1/21,1140.64,77.3
12/1/21,1199.23,80.8
1/1/22,1235.19,81.3
2/1/22,1298.39,85.46
3/1/22,1369.14,89.05
4/1/22,1413.42,91.93
5/1/22,1476.46,96.03
6/1/22,1428.8,92.93
7/1/22,1483.22,97.05
8/1/22,1558.76,100.78
9/1/22,1502.16,97.12
10/1/22,1477.69,96.11
11/1/22,1446.54,94.65
12/1/22,1491.5,98.17
1/1/23,1489.02,97.43
2/1/23,1587.9,103.9
3/1/23,1570.63,102.77
4/1/23,1494.69,98.38
5/1/23,1481.77,97.53
6/1/23,1335.11,88.4
7/1/23,1297.39,86.91
8/1/23,1403.3,93.46
9/1/23,1313.22,87.97
10/1/23,1313.96,88.53
11/1/23,1370.51,92.34
12/1/23,1417.71,95.52
1/1/24,1494,100.66
2/1/24,1458.32,97.69
3/1/24,1385.58,92.28
4/1/24,1368.78,90.63
5/1/24,1357.76,89.9
6/1/24,1455.48,96.37
7/1/24,1533.63,102.14
8/1/24,1572.83,104.14
9/1/24,1548.95,103.16
10/1/24,1553.41,104.06
11/1/24,1658.5,111.1
12/1/24,1788.61,120.51
1/1/25,1832.84,123.49
2/1/25,1824.8,122.24
3/1/25,1732.8,116.75
4/1/25,1791.51,120.01
5/1/25,1928.72,129.95
6/1/25,1922.18,131.01
7/1/25,1941.05,133.81
8/1/25,2047.96,141.18
9/1/25,2081.03,143.46
10/1/25,2257.86,155.65
11/1/25,2155.01,151.08
12/1/25,2167.09,151.08
1/1/26,2257.03,157.35
2/1/26,2218.73,154.68
3/1/26,2026.14,140.46
4/1/26,2061.38,143.71
5/1/26,2068.98,143.43
6/1/26,2220,153.04
7/1/26,2350.16,160.18
8/1/26,2398,162.51
9/1/26,2320.96,158.19
10/1/26,2199.44,150.76
11/1/26,2270.91,156.55
12/1/26,2280.34,157.2
1/1/27,2294.85,156.41
2/1/27,2389.88,161.96
3/1/27,2375.91,160.08
4/1/27,2443.59,164.64
5/1/27,2552.2,172.96
6/1/27,2425.13,166.23
7/1/27,2692.34,181.4
8/1/27,2833.19,189.79
9/1/27,2932.63,197.59
10/1/27,2681.61,181.73
11/1/27,2941.83,198.21
12/1/27,2978.79,200.7
1/1/28,2947.47,198.59
2/1/28,2924.62,194.78
3/1/28,3219.97,214.45
4/1/28,3177.62,211.63
5/1/28,3281.32,219.81
6/1/28,3158.71,210.37
7/1/28,3243.24,216
8/1/28,3609.76,240.41
9/1/28,3523.19,237.38
10/1/28,3764.24,252.16
11/1/28,4379.58,293.38
12/1/28,4504.5,300
1/1/29,4767.41,317.51
2/1/29,4765.91,317.41
3/1/29,4664.56,308.85
4/1/29,4850.97,319.29
5/1/29,4491.78,297.41
6/1/29,5011.86,333.79
7/1/29,5160.56,347.7
8/1/29,5644.86,380.33
9/1/29,5097.48,343.45
10/1/29,4059.44,273.51
11/1/29,3546.5,238.95
12/1/29,3709.31,248.48
1/1/30,4011.11,267.14
2/1/30,4094.57,271.11
3/1/30,4346.72,286.1
4/1/30,4217.21,279.23
5/1/30,4179.14,275.07
6/1/30,3459.15,226.34
7/1/30,3619.12,233.99
8/1/30,3741.18,240.42
9/1/30,3169.19,204.9
10/1/30,2853.11,183.35
11/1/30,2871.15,183.39
12/1/30,2624.72,164.58
1/1/31,2705.6,167.55
2/1/31,3101.7,189.66
3/1/31,2836.87,172.36
4/1/31,2504.46,151.19
5/1/31,2155.82,128.46
6/1/31,2553.66,150.18
7/1/31,2302.17,135.39
8/1/31,2370.53,139.41
9/1/31,1653.67,96.61
10/1/31,1816.77,105.43
11/1/31,1639.63,93.87
12/1/31,1369.95,77.9
1/1/32,1367.99,76.19
2/1/32,1483.02,81.44
3/1/32,1343.96,73.28
4/1/32,1036.46,56.11
5/1/32,838.52,44.74
6/1/32,808.78,42.84
7/1/32,1024.37,54.26
8/1/32,1391.43,73.16
9/1/32,1371.16,71.56
10/1/32,1194.98,61.9
11/1/32,1096.06,56.35
12/1/32,1174.63,59.93
1/1/33,1212.15,60.9
2/1/33,1038.95,51.39
3/1/33,1128.94,55.4
4/1/33,1582.56,77.66
5/1/33,1795.51,88.11
6/1/33,1984.1,98.14
7/1/33,1779.09,90.77
8/1/33,1991.98,102.41
9/1/33,1844.34,94.82
10/1/33,1714.8,88.16
11/1/33,1908.92,98.14
12/1/33,1943.15,99.9
1/1/34,2085.54,107.22
2/1/34,1997.3,103.46
3/1/34,1966.21,101.85
4/1/34,1939.96,100.49
5/1/34,1814.67,94
6/1/34,1834.09,95.72
7/1/34,1687.13,88.05
8/1/34,1779.29,92.86
9/1/34,1748.76,92.63
10/1/34,1775.61,93.36
11/1/34,1957.82,102.94
12/1/34,1993.51,104.04
1/1/35,1919.81,101.69
2/1/35,1918.81,102.38
3/1/35,1889.38,100.81
4/1/35,2036.43,109.45
5/1/35,2058.57,110.64
6/1/35,2215.49,118.21
7/1/35,2365.8,126.23
8/1/35,2396.91,127.89
9/1/35,2472.44,131.92
10/1/35,2619.01,139.74
11/1/35,2648.56,142.35
12/1/35,2681.68,144.13
1/1/36,2781.41,149.49
2/1/36,2830.9,152.15
3/1/36,2930.12,156.34
4/1/36,2730.15,145.67
5/1/36,2860.78,152.64
6/1/36,2933.98,157.69
7/1/36,3045.29,164.86
8/1/36,3049.76,166.29
9/1/36,3077.82,167.82
10/1/36,3249.66,177.19
11/1/36,3360.25,183.22
12/1/36,3299.37,179.9
1/1/37,3382.33,185.74
2/1/37,3410.73,187.3
3/1/37,3370.67,186.41
4/1/37,3129.02,174.27
5/1/37,3115.08,174.71
6/1/37,3018.98,169.32
7/1/37,3286.78,185.61
8/1/37,3141.58,177.41
9/1/37,2718.27,154.57
10/1/37,2429.86,138.17
11/1/37,2186.58,123.48
12/1/37,2154.76,120.85
1/1/38,2203.65,121.87
2/1/38,2360.74,129.64
3/1/38,1801.88,98.95
4/1/38,2012.16,111.28
5/1/38,1961.95,107.74
6/1/38,2437.95,133.88
7/1/38,2572.16,141.25
8/1/38,2536.11,139.27
9/1/38,2575.8,141.45
10/1/38,2782.73,151.73
11/1/38,2747.7,149.82
12/1/38,2838.3,154.76
1/1/39,2636.56,143.76
2/1/39,2720.93,147.3
3/1/39,2435.35,131.84
4/1/39,2389.94,128.45
5/1/39,2570.98,138.18
6/1/39,2430.5,130.63
7/1/39,2665.5,143.26
8/1/39,2500.83,134.41
9/1/39,2777.75,152.54
10/1/39,2785.48,151.88
11/1/39,2671.95,145.69
12/1/39,2755.4,150.24
1/1/40,2684.54,145.33
2/1/40,2687.54,146.54
3/1/40,2713.4,147.95
4/1/40,2722.21,148.43
5/1/40,2131.47,116.22
6/1/40,2219.25,121.87
7/1/40,2313.41,126.14
8/1/40,2373.56,129.42
9/1/40,2432.62,132.64
10/1/40,2468.75,134.61
11/1/40,2402.54,131
12/1/40,2387.88,131.13
1/1/41,2260.41,124.13
2/1/41,2221.07,121.97
3/1/41,2219.02,122.72
4/1/41,2074.52,115.54
5/1/41,2064,115.76
6/1/41,2150.89,123.14
7/1/41,2249.57,128.79
8/1/41,2200.53,127.7
9/1/41,2156.45,126.82
10/1/41,1977.26,117.82
11/1/41,1904.56,114.23
12/1/41,1838.05,110.96
1/1/42,1784.38,109.11
2/1/42,1735.44,106.79
3/1/42,1597.16,99.53
4/1/42,1520.64,95.35
5/1/42,1589.06,100.88
6/1/42,1627.81,103.34
7/1/42,1655.15,105.72
8/1/42,1654.6,106.33
9/1/42,1697.86,109.11
10/1/42,1753.83,114.07
11/1/42,1749.9,114.5
12/1/42,1814.04,119.4
1/1/43,1907.94,125.58
2/1/43,1976.76,130.11
3/1/43,2038.72,136.57
4/1/43,1999.14,135.48
5/1/43,2084.3,142.06
6/1/43,2103.67,143.38
7/1/43,2006.08,135.95
8/1/43,2027.71,136.62
9/1/43,2067.61,140.12
10/1/43,2040.31,138.27
11/1/43,1911.93,129.57
12/1/43,2005.19,135.89
1/1/44,2027.47,137.4
2/1/44,2011.24,136.3
3/1/44,2048.72,138.84
4/1/44,1998.77,136.23
5/1/44,2086.95,142.24
6/1/44,2164.72,148.38
7/1/44,2119.47,146.11
8/1/44,2132.24,146.99
9/1/44,2128.47,146.73
10/1/44,2125.56,146.53
11/1/44,2137.17,147.33
12/1/44,2197.22,152.32
1/1/45,2216.69,153.67
2/1/45,2313.77,160.4
3/1/45,2227.36,154.41
4/1/45,2386.47,165.44
5/1/45,2414.1,168.3
6/1/45,2344.8,165.29
7/1/45,2310.62,162.88
8/1/45,2472.48,174.29
9/1/45,2577.74,181.71
10/1/45,2647.11,186.6
11/1/45,2716.05,191.46
12/1/45,2721.57,192.91
1/1/46,2887.48,204.67
2/1/46,2696.62,190.09
3/1/46,2802.69,199.75
4/1/46,2885.27,206.77
5/1/46,2946.23,212.28
6/1/46,2823.16,205.62
7/1/46,2613.83,201.56
8/1/46,2404.79,189.19
9/1/46,2170.08,172.42
10/1/46,2087.99,169.15
11/1/46,2046.77,169.8
12/1/46,2116.12,177.2
1/1/47,2154.81,180.44
2/1/47,2136.42,178.9
3/1/47,2077.49,177.2
4/1/47,2000.58,170.64
5/1/47,1984.29,169.25
6/1/47,2069.27,177.3
7/1/47,2118.66,183.18
8/1/47,2041.04,178.85
9/1/47,1981.32,177.49
10/1/47,2029.55,181.81
11/1/47,1994.03,179.4
12/1/47,1987.87,181.16
1/1/48,1896.49,175.05
2/1/48,1827.92,167.3
3/1/48,1944.42,177.2
4/1/48,1947.34,180.51
5/1/48,2049.12,190.74
6/1/48,2018.51,189.46
7/1/48,1908.14,181.33
8/1/48,1904.32,181.71
9/1/48,1868.58,178.3
10/1/48,1984.85,188.62
11/1/48,1816.43,171.2
12/1/48,1888.95,177.3
1/1/49,1916.23,179.12
2/1/49,1866.97,173.06
3/1/49,1910.55,177.1
4/1/49,1871,174.16
5/1/49,1816.27,168.36
6/1/49,1798.59,167.42
7/1/49,1905.92,175.92
8/1/49,1927.38,178.66
9/1/49,1960.7,182.51
10/1/49,2053.48,189.54
11/1/49,2066.44,191.55
12/1/49,2177.41,200.13
1/1/50,2204.76,201.79
2/1/50,2222.79,203.44
3/1/50,2241.82,206.05
4/1/50,2331.91,214.33
5/1/50,2420.53,223.42
6/1/50,2255.88,209.11
7/1/50,2230.95,209.4
8/1/50,2291.45,216.87
9/1/50,2381.99,226.36
10/1/50,2348.43,225.01
11/1/50,2365.9,227.6
12/1/50,2417.66,235.41
1/1/51,2515.42,248.83
2/1/51,2518.23,252.05
3/1/51,2467.5,247.94
4/1/51,2578.86,259.13
5/1/51,2474.78,249.65
6/1/51,2405.29,242.64
7/1/51,2556.17,257.86
8/1/51,2678.99,270.25
9/1/51,2667.67,271.16
10/1/51,2571.03,262.35
11/1/51,2541.11,261.27
12/1/51,2608.57,269.23
1/1/52,2622.72,270.69
2/1/52,2539.16,260.08
3/1/52,2630.74,269.46
4/1/52,2505.71,257.63
5/1/52,2557.35,262.94
6/1/52,2657.31,274.26
7/1/52,2688.25,279.56
8/1/52,2644.78,275.04
9/1/52,2602.19,270.61
10/1/52,2588.92,269.23
11/1/52,2727.67,283.66
12/1/52,2806.91,291.9
1/1/53,2797.15,289.77
2/1/53,2754.29,284.27
3/1/53,2701.59,279.87
4/1/53,2652.16,274.75
5/1/53,2618.24,272.28
6/1/53,2570.2,268.26
7/1/53,2638.42,275.38
8/1/53,2493.34,261.22
9/1/53,2520.26,264.04
10/1/53,2622.95,275.81
11/1/53,2685.68,281.37
12/1/53,2681.19,280.9
1/1/54,2790.86,292.39
2/1/54,2811.38,294.54
3/1/54,2897,303.51
4/1/54,3059.5,319.33
5/1/54,3125.89,327.49
6/1/54,3183.54,333.53
7/1/54,3320.9,347.92
8/1/54,3205.21,335.8
9/1/54,3453.57,360.46
10/1/54,3373.85,352.14
11/1/54,3705.64,386.77
12/1/54,3888.61,404.39
1/1/55,3931.31,408.83
2/1/55,3960.54,411.87
3/1/55,3939.68,409.7
4/1/55,4093.05,425.65
5/1/55,4085.45,424.86
6/1/55,4340.47,451.38
7/1/55,4463.31,465.85
8/1/55,4485.63,468.18
9/1/55,4453.89,466.62
10/1/55,4341.73,454.87
11/1/55,4612.72,483.26
12/1/55,4679.36,488.4
1/1/56,4510.16,470.74
2/1/56,4633.85,483.65
3/1/56,4903.46,511.79
4/1/56,4926.37,516.12
5/1/56,4546.26,478.05
6/1/56,4651.84,492.78
7/1/56,4852.4,517.81
8/1/56,4721.69,502.04
9/1/56,4453.57,475.25
10/1/56,4480.36,479.85
11/1/56,4414.35,472.78
12/1/56,4646.57,499.47
1/1/57,4457.63,479.16
2/1/57,4306.56,464.62
3/1/57,4385.35,474.81
4/1/57,4549.6,494.36
5/1/57,4630.21,504.93
6/1/57,4598.56,503.29
7/1/57,4613.8,508.52
8/1/57,4394.51,484.35
9/1/57,4140.01,456.3
10/1/57,4001.56,441.04
11/1/57,4067.27,449.87
12/1/57,3939.07,435.69
1/1/58,4040.28,450.02
2/1/58,3949.6,439.92
3/1/58,3982.87,446.76
4/1/58,4049.86,455.86
5/1/58,4110.63,462.7
6/1/58,4248.15,478.18
7/1/58,4453.47,502.99
8/1/58,4518.67,508.63
9/1/58,4727.09,532.09
10/1/58,4825.97,543.22
11/1/58,4935.75,557.46
12/1/58,5185.15,583.65
1/1/59,5258.92,593.96
2/1/59,5361.49,603.5
3/1/59,5345.59,601.71
4/1/59,5522.68,623.75
5/1/59,5700.12,643.79
6/1/59,5678.48,643.6
7/1/59,5934.22,674.88
8/1/59,5842.16,664.41
9/1/59,5535.41,631.68
10/1/59,5646.76,646.6
11/1/59,5756.62,659.18
12/1/59,5932.85,679.36
1/1/60,5456.02,622.62
2/1/60,5502.84,630.12
3/1/60,5384.68,616.59
4/1/60,5237.2,601.7
5/1/60,5444.35,625.5
6/1/60,5556.74,640.62
7/1/60,5349.52,616.73
8/1/60,5429.84,625.99
9/1/60,5032.13,580.14
10/1/60,5000.38,580.36
11/1/60,5145.65,597.22
12/1/60,5306.51,615.89
1/1/61,5584.89,648.2
2/1/61,5704.48,662.08
3/1/61,5829.84,676.63
4/1/61,5847.77,678.71
5/1/61,6002.94,696.72
6/1/61,5893,683.96
7/1/61,6037.26,705.37
8/1/61,6182.12,719.94
9/1/61,6001.66,701.21
10/1/61,6024.85,703.92
11/1/61,6176.17,721.6
12/1/61,6257.83,731.14
1/1/62,5991.3,700
2/1/62,6039.67,708.05
3/1/62,6030.28,706.95
4/1/62,5656.64,665.33
5/1/62,5214.79,613.36
6/1/62,4772,561.28
7/1/62,5066.86,597.93
8/1/62,5162.19,609.18
9/1/62,4890.07,578.98
10/1/62,4981.2,589.77
11/1/62,5483.99,649.3
12/1/62,5507.64,652.1
1/1/63,5767.35,682.85
2/1/63,5599.19,662.94
3/1/63,5745.45,682.52
4/1/63,6041.6,717.7
5/1/63,6119.55,726.96
6/1/63,5931.43,706.88
7/1/63,5815.88,695.43
8/1/63,6099.3,729.32
9/1/63,6128.32,732.79
10/1/63,6295.6,755.23
11/1/63,6256.33,750.52
12/1/63,6339.35,762.95
1/1/64,6525.39,785.34
2/1/64,6648.36,800.14
3/1/64,6757.63,813.29
4/1/64,6736.69,810.77
5/1/64,6818.03,820.56
6/1/64,6887.31,831.5
7/1/64,6944.12,841.1
8/1/64,6945.13,838.48
9/1/64,7227.05,875.37
10/1/64,7208.15,873.08
11/1/64,7203.91,875.43
12/1/64,7193.22,874.13
1/1/65,7429.63,902.86
2/1/65,7434.74,903.48
3/1/65,7292.88,889.05
4/1/65,7541.73,922.31
5/1/65,7506.81,918.04
6/1/65,7052.74,868.03
7/1/65,7164.14,881.74
8/1/65,7256.44,893.1
9/1/65,7560.96,930.58
10/1/65,7782.64,960.82
11/1/65,7668.35,946.71
12/1/65,7825.81,969.26
1/1/66,7940.86,983.51
2/1/66,7637.97,951.89
3/1/66,7397.24,924.77
4/1/66,7421.82,933.68
5/1/66,7027.47,884.07
6/1/66,6895.54,870.1
7/1/66,6694.3,847.38
8/1/66,6190.6,788.41
9/1/66,6079.18,774.22
10/1/66,6298.37,807.07
11/1/66,6177.57,791.59
12/1/66,6131.52,785.69
1/1/67,6632.54,849.89
2/1/67,6550.44,839.37
3/1/67,6738.19,865.98
4/1/67,6958.42,897.05
5/1/67,6593.7,852.56
6/1/67,6632.6,860.26
7/1/67,6950.89,904.24
8/1/67,6907.49,901.29
9/1/67,7081.54,926.66
10/1/67,6702.74,879.74
11/1/67,6652.65,875.81
12/1/67,6855.3,905.11
1/1/68,6441.69,855.47
2/1/68,6310.47,840.5
3/1/68,6293.26,840.67
4/1/68,6808.81,912.22
5/1/68,6690.36,899
6/1/68,6642.82,897.8
7/1/68,6496.23,883
8/1/68,6573.13,896.01
9/1/68,6845.3,935.79
10/1/68,6927.68,952.39
11/1/68,7144.79,985.08
12/1/68,6826.14,943.75
1/1/69,6822.91,946.05
2/1/69,6492.17,905.21
3/1/69,6653.13,935.48
4/1/69,6720.62,950.18
5/1/69,6613.55,937.56
6/1/69,6125.43,873.19
7/1/69,5689.53,815.47
8/1/69,5806,836.72
9/1/69,5627.4,813.09
10/1/69,5892.64,855.99
11/1/69,5561.82,812.3
12/1/69,5451.25,800.36
1/1/70,5054.4,744.06
2/1/70,5254.18,777.59
3/1/70,5279.82,785.57
4/1/70,4908.85,736.07
5/1/70,4659.33,700.44
6/1/70,4523.6,683.53
7/1/70,4833.45,734.12
8/1/70,5033.99,764.58
9/1/70,4982.45,760.68
10/1/70,4924.31,755.61
11/1/70,5148.88,794.09
12/1/70,5411.87,838.92
1/1/71,5602.69,868.5
2/1/71,5655.27,878.83
3/1/71,5805.15,904.37
4/1/71,6030.03,941.75
5/1/71,5783.66,907.81
6/1/71,5635.57,891.14
7/1/71,5415.83,858.43
8/1/71,5651.55,898.07
9/1/71,5583.09,887.19
10/1/71,5267.24,839
11/1/71,5219.15,831.34
12/1/71,5561.08,890.2
1/1/72,5635.86,902.17
2/1/72,5770.18,928.13
3/1/72,5834.22,940.7
4/1/72,5903.45,954.17
5/1/72,5929.56,960.72
6/1/72,5720.04,929.03
7/1/72,5666.81,924.74
8/1/72,5891.28,963.73
9/1/72,5813.99,953.27
10/1/72,5800.01,955.52
11/1/72,6166.28,1018.21
12/1/72,6161.94,1020.02
1/1/73,6021.09,999.02
2/1/73,5716.09,955.07
3/1/73,5639.49,951.01
4/1/73,5426.3,921.43
5/1/73,5272.35,901.41
6/1/73,5179.94,891.71
7/1/73,5369.41,926.4
8/1/73,5052.94,887.57
9/1/73,5380.48,947.1
10/1/73,5386.5,956.58
11/1/73,4599.67,822.25
12/1/73,4729.08,850.86
1/1/74,4714.08,855.55
2/1/74,4681.28,860.53
3/1/74,4548.36,846.68
4/1/74,4475.78,836.75
5/1/74,4237.86,802.17
6/1/74,4204.63,802.41
7/1/74,3937.12,757.43
8/1/74,3484.51,678.58
9/1/74,3084.33,607.87
10/1/74,3344.24,665.52
11/1/74,3084.64,618.66
12/1/74,3048.54,616.24
1/1/75,3467.78,703.69
2/1/75,3614.69,739.05
3/1/75,3742.43,768.15
4/1/75,3986.78,821.34
5/1/75,4016.63,832.29
6/1/75,4210.36,878.99
7/1/75,3938.86,831.51
8/1/75,3950.32,835.34
9/1/75,3733.62,793.88
10/1/75,3910.16,836.04
11/1/75,3996.09,860.67
12/1/75,3943.25,852.41
1/1/76,4503.84,975.28
2/1/76,4474.98,972.61
3/1/76,4590.47,999.45
4/1/76,4562.58,996.85
5/1/76,4431.45,975.23
6/1/76,4532.57,1002.78
7/1/76,4427.93,984.64
8/1/76,4355.54,973.74
9/1/76,4414.27,990.19
10/1/76,4279.46,964.93
11/1/76,4193.34,947.22
12/1/76,4432.52,1004.65
1/1/77,4188.73,954.37
2/1/77,4067.81,936.42
3/1/77,3966.05,919.13
4/1/77,3966.21,926.9
5/1/77,3826.49,898.66
6/1/77,3875.95,916.3
7/1/77,3746.3,890.07
8/1/77,3613.95,861.49
9/1/77,3542.61,847.11
10/1/77,3410.88,818.35
11/1/77,3441.6,829.7
12/1/77,3436.89,831.17
1/1/78,3162.83,769.92
2/1/78,3029.33,742.12
3/1/78,3067.31,757.36
4/1/78,3364.35,837.32
5/1/78,3346.47,840.61
6/1/78,3225.03,818.95
7/1/78,3369.75,862.27
8/1/78,3410.83,876.82
9/1/78,3342.93,865.82
10/1/78,3032.71,792.45
11/1/78,3043.51,799.03
12/1/78,3053.4,805.01
1/1/79,3154.63,839.22
2/1/79,3005.58,808.82
3/1/79,3171.1,862.18
4/1/79,3109.27,854.9
5/1/79,2952.99,822.33
6/1/79,2989.87,841.98
7/1/79,2972.63,846.42
8/1/79,3088.06,887.63
9/1/79,3024.07,878.58
10/1/79,2784.8,815.7
11/1/79,2782.01,822.35
12/1/79,2808.1,838.74
1/1/80,2890.31,875.85
2/1/80,2808.66,863.14
3/1/80,2518.33,785.75
4/1/80,2590.08,817.06
5/1/80,2670.82,850.85
6/1/80,2694.89,867.92
7/1/80,2904.17,935.32
8/1/80,2874.24,932.59
9/1/80,2850.41,932.42
10/1/80,2799.36,924.49
11/1/80,2983,993.34
12/1/80,2867.87,963.99
1/1/81,2795.39,947.27
2/1/81,2846.75,974.58
3/1/81,2912.23,1003.87
4/1/81,2875.52,997.75
5/1/81,2835.41,991.75
6/1/81,2768.48,976.88
7/1/81,2669.41,952.34
8/1/81,2452.25,881.47
9/1/81,2341.69,849.98
10/1/81,2343.66,852.55
11/1/81,2435.81,888.98
12/1/81,2389.63,875
1/1/82,2372.01,871.1
2/1/82,2237.39,824.39
3/1/82,2235.47,822.77
4/1/82,2295.66,848.36
5/1/82,2196.37,819.54
6/1/82,2149.18,811.93
7/1/82,2129.04,808.6
8/1/82,2368.64,901.31
9/1/82,2350.86,896.25
10/1/82,2593.35,991.72
11/1/82,2722.91,1039.28
12/1/82,2753.45,1046.54
1/1/83,2823.71,1075.7
2/1/83,2918.4,1112.62
3/1/83,2964.07,1130.03
4/1/83,3193.02,1226.2
5/1/83,3105.55,1199.98
6/1/83,3152.66,1221.96
7/1/83,3082,1199.22
8/1/83,3115.8,1216.16
9/1/83,3144.48,1233.13
10/1/83,3114.46,1225.2
11/1/83,3237.26,1276.02
12/1/83,3190.65,1258.64
1/1/84,3075.86,1220.58
2/1/84,2894.66,1154.63
3/1/84,2915.72,1164.89
4/1/84,2915.17,1170.75
5/1/84,2743.34,1104.85
6/1/84,2803.82,1132.4
7/1/84,2750.28,1115.28
8/1/84,3008.3,1224.38
9/1/84,2950.41,1206.71
10/1/84,2943.59,1207.38
11/1/84,2898.64,1188.94
12/1/84,2953.81,1211.57
1/1/85,3132,1286.77
2/1/85,3109.87,1284.01
3/1/85,3056.74,1266.78
4/1/85,3021.86,1258.06
5/1/85,3147.78,1315.41
6/1/85,3186.41,1335.46
7/1/85,3209.63,1347.45
8/1/85,3170.94,1334.01
9/1/85,3150.18,1328.63
10/1/85,3246.12,1374.31
11/1/85,3468.34,1472.13
12/1/85,3633.13,1546.67
1/1/86,3680.83,1570.99
2/1/86,4014.58,1709.06
3/1/86,4291.92,1818.61
4/1/86,4217.33,1783.98
5/1/86,4425.28,1876.71
6/1/86,4438.43,1892.72
7/1/86,4163.1,1775.31
8/1/86,4444.01,1898.34
9/1/86,4118.46,1767.58
10/1/86,4371.31,1877.71
11/1/86,4452.5,1914.23
12/1/86,4406.19,1895.95
1/1/87,4982.91,2158.04
2/1/87,5117.4,2223.99
3/1/87,5277.74,2304.69
4/1/87,5208.33,2286.36
5/1/87,5201.86,2291.57
6/1/87,5470.71,2418.53
7/1/87,5802.59,2572.07
8/1/87,5975.66,2662.95
9/1/87,5797.49,2596.28
10/1/87,4439.59,1993.53
11/1/87,4079.65,1833.55
12/1/87,4313.9,1938.83
1/1/88,4345.29,1958.22
2/1/88,4584.5,2071.62
3/1/88,4381.68,1988.06
4/1/88,4456.9,2032.33
5/1/88,4438,2031.12
6/1/88,4660.36,2141.71
7/1/88,4612.96,2128.73
8/1/88,4384.3,2031.65
9/1/88,4527.97,2112.91
10/1/88,4589.52,2148.65
11/1/88,4512.36,2114.51
12/1/88,4621.22,2168.57
1/1/89,4965.72,2342.32
2/1/89,4769.72,2258.39
3/1/89,4814.31,2293.62
4/1/89,5045.62,2418.8
5/1/89,5143.83,2480.15
6/1/89,5048.48,2440.06
7/1/89,5491.6,2660.66
8/1/89,5641.51,2737.27
9/1/89,5531.05,2692.82
10/1/89,5406.54,2645.08
11/1/89,5518.08,2706.27
12/1/89,5605.52,2753.2
1/1/90,5219.94,2590.54
2/1/90,5270.26,2627.25
3/1/90,5400.88,2707.21
4/1/90,5292.27,2656.76
5/1/90,5715.92,2876.66
6/1/90,5695.12,2880.69
7/1/90,5720.34,2905.2
8/1/90,5100.62,2614.36
9/1/90,4745.55,2452.48
10/1/90,4696.6,2442.33
11/1/90,4911.97,2559.65
12/1/90,5053.99,2633.66
1/1/91,5221.03,2736.39
2/1/91,5490.55,2882.18
3/1/91,5542.16,2913.86
4/1/91,5484.07,2887.87
5/1/91,5734.09,3027.5
6/1/91,5487.94,2906.75
7/1/91,5701.79,3024.82
8/1/91,5721.97,3043.6
9/1/91,5644.38,3016.77
10/1/91,5736.15,3069.1
11/1/91,5392.79,2894.68
12/1/91,5900.36,3168.83
1/1/92,5992.3,3223.4
2/1/92,6055.05,3267.7
3/1/92,5963.03,3235.5
4/1/92,6184.1,3359.1
5/1/92,6243.5,3396.9
6/1/92,6076.17,3318.5
7/1/92,6200.47,3393.8
8/1/92,5934.98,3257.4
9/1/92,5944.68,3271.7
10/1/92,5842.83,3226.3
11/1/92,5975.8,3305.2
12/1/92,5971.71,3301.11
1/1/93,5961.31,3310
2/1/93,6047.23,3370.81
3/1/93,6141.98,3435.11
4/1/93,6111.32,3427.55
5/1/93,6282.35,3527.43
6/1/93,6251.59,3516.08
7/1/93,6293.18,3539.47
8/1/93,6473.67,3651.25
9/1/93,6292.56,3555.12
10/1/93,6485.2,3680.59
11/1/93,6487.44,3683.95
12/1/93,6610.95,3754.09
1/1/94,6986,3978.36
2/1/94,6706.04,3832.02
3/1/94,6341.11,3635.96
4/1/94,6413.5,3681.69
5/1/94,6543.32,3758.37
6/1/94,6289.31,3624.96
7/1/94,6512.59,3764.5
8/1/94,6742.82,3913.42
9/1/94,6606.44,3843.19
10/1/94,6710.24,3908.12
11/1/94,6412.78,3739.23
12/1/94,6576.06,3834.44
1/1/95,6565.31,3843.86
2/1/95,6826.81,4011.05
3/1/95,7051.44,4157.69
4/1/95,7302.95,4321.27
5/1/95,7532.69,4465.14
6/1/95,7672.47,4556.1
7/1/95,7929.06,4708.47
8/1/95,7741.13,4610.56
9/1/95,8026.5,4789.08
10/1/95,7946.41,4755.48
11/1/95,8484.55,5074.49
12/1/95,8560.94,5117.12
1/1/96,8972.38,5395.3
2/1/96,9095.16,5485.62
3/1/96,9213.19,5587.14
4/1/96,9150,5569.08
5/1/96,9254.82,5643.18
6/1/96,9267.94,5654.63
7/1/96,9039.77,5528.91
8/1/96,9165.65,5616.21
9/1/96,9570.29,5882.17
10/1/96,9779.65,6029.38
11/1/96,10558.63,6521.7
12/1/96,10439.75,6448.27
1/1/97,10996.33,6813.09
2/1/97,11066.28,6877.74
3/1/97,10566.49,6583.48
4/1/97,11235.43,7009
5/1/97,11758.92,7331
6/1/97,12291.83,7672.8
7/1/97,13156.16,8222.6
8/1/97,12172.97,7622.4
9/1/97,12656.86,7945.3
10/1/97,11825.5,7442.1
11/1/97,12438.73,7823.1
12/1/97,12590.01,7908.3
1/1/98,12563.43,7906.5
2/1/98,13553.51,8545.72
3/1/98,13930.1,8799.81
4/1/98,14320.12,9063.37
5/1/98,14035.22,8899.95
6/1/98,14099.43,8952.02
7/1/98,13973.42,8883.29
8/1/98,11843.88,7539.07
9/1/98,12305.07,7842.62
10/1/98,13455.23,8592.1
11/1/98,14276.52,9116.55
12/1/98,14387.3,9181.43
1/1/99,14627.85,9358.83
2/1/99,14527.57,9306.58
3/1/99,15227.26,9786.16
4/1/99,16669.07,10789.04
5/1/99,16314.8,10559.74
6/1/99,16949.89,10970.8
7/1/99,16408.93,10655.15
8/1/99,16644.6,10829.28
9/1/99,15805.2,10336.95
10/1/99,16384.5,10729.86
11/1/99,16599.54,10877.81
12/1/99,17544.61,11497.12
1/1/00,16640.55,10940.53
2/1/00,15314,10128.31
3/1/00,16382.88,10921.92
4/1/00,16090.13,10733.91
5/1/00,15751.93,10522.33
6/1/00,15556.91,10447.89
7/1/00,15635.66,10521.98
8/1/00,16665.64,11215.1
9/1/00,15742.06,10650.92
10/1/00,16193.4,10971.14
11/1/00,15361.37,10414.49
12/1/00,15923.07,10787.99
1/1/01,15960.87,10887.36
2/1/01,15333.6,10495.28
3/1/01,14393.38,9878.78
4/1/01,15576.44,10734.97
5/1/01,15767.75,10911.94
6/1/01,15144.46,10502.4
7/1/01,15226.51,10522.81
8/1/01,14397.29,9949.75
9/1/01,12740.49,8847.56
10/1/01,13113.58,9075.14
11/1/01,14255.21,9851.56
12/1/01,14561.34,10021.57
1/1/02,14384,9920
2/1/02,14593.25,10106.13
3/1/02,14940.06,10403.94
4/1/02,14203.2,9946.22
5/1/02,14173.26,9925.25
6/1/02,13190.13,9243.26
7/1/02,12458.38,8736.59
8/1/02,12310.83,8663.5
9/1/02,10772.95,7591.93
10/1/02,11890.19,8397.03
11/1/02,12596.86,8896.09
12/1/02,11836.77,8341.63
1/1/03,11380.03,8053.81
2/1/03,11063.29,7891.08
3/1/03,11141.03,7992.13
4/1/03,11846.69,8480.09
5/1/03,12381.51,8850.26
6/1/03,12561.65,8985.44
7/1/03,12890.38,9233.8
8/1/03,13097.41,9415.82
9/1/03,12855.23,9275.06
10/1/03,13603.95,9801.12
11/1/03,13617.18,9782.46
12/1/03,14562.31,10453.92
1/1/04,14536.47,10488.07
2/1/04,14595.23,10583.92
3/1/04,14190.05,10357.7
4/1/04,13968.13,10225.57
5/1/04,13835.92,10188.45
6/1/04,14129.64,10435.48
7/1/04,13749.45,10139.71
8/1/04,13785.66,10173.92
9/1/04,13628.53,10080.27
10/1/04,13486.95,10027.47
11/1/04,14015.26,10428.02
12/1/04,14546.28,10783.01
1/1/05,14119.46,10489.94
2/1/05,14415.98,10766.23
3/1/05,13948.99,10503.76
4/1/05,13443.92,10192.51
5/1/05,13827.54,10467.48
6/1/05,13562.96,10274.97
7/1/05,13982.16,10640.91
8/1/05,13699.45,10481.6
9/1/05,13654.76,10568.7
10/1/05,13457.25,10440.07
11/1/05,14036.83,10805.87
12/1/05,13986.34,10717.5
1/1/06,14069.99,10864.86
2/1/06,14203.49,10993.41
3/1/06,14275.48,11109.32
4/1/06,14481.74,11367.14
5/1/06,14161.42,11168.31
6/1/06,14105.03,11150.22
7/1/06,14116.33,11185.68
8/1/06,14328.87,11381.15
9/1/06,14774.02,11679.07
10/1/06,15366.69,12080.73
11/1/06,15570.74,12221.93
12/1/06,15853.13,12463.15
1/1/07,16004.3,12621.69
2/1/07,15483.01,12268.63
3/1/07,15442.94,12354.35
4/1/07,16224.13,13062.91
5/1/07,16830.14,13627.64
6/1/07,16519.42,13408.62
7/1/07,16290.38,13211.99
8/1/07,16496.81,13357.74
9/1/07,17119.42,13895.63
10/1/07,17119.98,13930.01
11/1/07,16340.24,13371.72
12/1/07,16209.61,13264.82
1/1/08,15382.84,12650.36
2/1/08,14879.13,12266.39
3/1/08,14739.99,12262.89
4/1/08,15320.06,12820.13
5/1/08,14976.41,12638.32
6/1/08,13313.56,11350.01
7/1/08,13278.15,11378.02
8/1/08,13529.52,11543.96
9/1/08,12738.67,10850.66
10/1/08,11059.46,9325.01
11/1/08,10674.31,8829.04
12/1/08,10715.97,8776.39
1/1/09,9729.05,8000.86
2/1/09,8546.15,7062.93
3/1/09,9183.97,7608.92
4/1/09,9834.42,8168.12
5/1/09,10208.9,8500.33
6/1/09,10051.93,8447
7/1/09,10932.56,9171.61
8/1/09,11300.57,9496.28
9/1/09,11547.9,9712.28
10/1/09,11538.72,9712.73
11/1/09,12279.33,10344.84
12/1/09,12398.95,10428.05
1/1/10,11929.79,10067.33
2/1/10,12235.43,10325.26
3/1/10,12810.82,10856.63
4/1/10,12968.14,11008.61
5/1/10,11930.81,10136.63
6/1/10,11513.8,9774.02
7/1/10,12328.88,10465.94
8/1/10,11777.31,10014.72
9/1/10,12675.96,10788.05
10/1/10,13053.11,11118.49
11/1/10,12910.06,11006.02
12/1/10,13557.26,11577.51
1/1/11,13865.99,11891.93
2/1/11,14182.55,12226.34
3/1/11,14155.37,12319.73
4/1/11,14629.64,12810.54
5/1/11,14279.28,12569.79
6/1/11,14127.52,12414.34
7/1/11,13794.72,12143.24
8/1/11,13158.13,11613.53
9/1/11,12353.95,10913.38
10/1/11,13556.98,11955.01
11/1/11,13671.85,12045.68
12/1/11,13903.58,12217.56
1/1/12,14313.09,12632.91
2/1/12,14609.93,12952.07
3/1/12,14784.27,13212.04
4/1/12,14746.41,13213.63
5/1/12,13843.48,12393.45
6/1/12,14412.82,12880.09
7/1/12,14582.73,13008.68
8/1/12,14596.29,13090.84
9/1/12,14915.21,13437.13
10/1/12,14537.07,13096.46
11/1/12,14523.52,13025.58
12/1/12,14650.43,13104.14
1/1/13,15454.55,13860.58
2/1/13,15544.27,14054.49
3/1/13,16080.13,14578.54
4/1/13,16383.14,14839.8
5/1/13,16657.36,15115.57
6/1/13,16400.56,14909.6
7/1/13,17033.99,15499.54
8/1/13,16261.72,14810.31
9/1/13,16597.25,15129.67
10/1/13,17084.78,15545.75
11/1/13,17727.22,16086.41
12/1/13,18267.48,16576.66
1/1/14,17237.34,15698.85
2/1/14,17855.95,16321.71
3/1/14,17889.48,16457.66
4/1/14,17957.05,16580.84
5/1/14,18037.83,16717.17
6/1/14,18122.25,16826.6
7/1/14,17855.24,16563.3
8/1/14,18449.23,17098.45
9/1/14,18389.29,17042.9
10/1/14,18799.15,17390.52
11/1/14,19379.3,17828.24
12/1/14,19480.62,17823.07
1/1/15,18864.28,17164.95
2/1/15,19837.17,18132.7
3/1/15,19322.64,17776.12
4/1/15,19356.96,17840.52
5/1/15,19451.53,18010.68
6/1/15,18958.59,17619.51
7/1/15,19034.29,17689.86
8/1/15,17800.69,16528.03
9/1/15,17571.19,16284.7
10/1/15,19076.62,17663.54
11/1/15,19172.95,17719.92
12/1/15,18923.58,17425.03
1/1/16,17849.47,16466.3
2/1/16,17887.37,16516.5
3/1/16,19064.53,17685.09
4/1/16,19071.12,17773.64
5/1/16,19014.52,17787.2
6/1/16,19095.44,17929.99
7/1/16,19667.2,18432.24
8/1/16,19615.34,18400.88
9/1/16,19479.87,18308.15
10/1/16,19267.25,18142.42
11/1/16,20347.49,19123.58
12/1/16,21007.64,19762.6
1/1/17,20996.34,19864.09
2/1/17,21936.1,20812.24
3/1/17,21758.37,20663.22
4/1/17,21987.54,20940.51
5/1/17,22038.07,21008.65
6/1/17,22374.41,21349.63
7/1/17,22963.78,21891.12
8/1/17,22957.71,21948.1
9/1/17,23301.29,22405.09
10/1/17,24335.71,23377.24
11/1/17,25267.52,24272.35
12/1/17,25757.43,24719.22
1/1/18,27090.77,26149.39
2/1/18,25805.11,25029.2
3/1/18,24802.1,24103.11
4/1/18,24767.23,24163.15
5/1/18,24928.57,24415.84
6/1/18,24732.57,24271.41
7/1/18,25898.08,25415.19
8/1/18,26432.19,25964.82
9/1/18,26908.1,26458.31
10/1/18,25492.5,25115.76
11/1/18,26023.69,25538.46
12/1/18,23840.66,23327.46
1/1/19,25499.66,24999.67
2/1/19,26330.66,25916
3/1/19,26187.97,25928.68
4/1/19,26725.87,26592.91
5/1/19,24889.49,24815.04
6/1/19,26653.16,26599.96
7/1/19,26891.13,26864.27
8/1/19,26429.68,26403.28
9/1/19,26916.83,26916.83
10/1/19,26816.59,26816.59